INSERT INTO EVENTTYPE (ID, MAXWATCH, NAME, TIPODELUGARES) VALUES (1, 6, 'TeteATete','SENTADO')
INSERT INTO EVENTTYPE (ID, MAXWATCH, NAME, TIPODELUGARES) VALUES (2, 1000, 'BandoSentado','SENTADO')
INSERT INTO EVENTTYPE (ID, MAXWATCH, NAME, TIPODELUGARES) VALUES (3, 500000, 'MultidaoEmPe','EM_PE')
INSERT INTO EMPRESA (ID,NAME) VALUES (1,'una')
INSERT INTO EMPRESA (ID,NAME) VALUES (2,'dua')
INSERT INTO EVENTS_ALLOWED VALUES (1,1)
INSERT INTO EVENTS_ALLOWED VALUES (1,2)
INSERT INTO EVENTS_ALLOWED VALUES (2,2)
INSERT INTO EVENTS_ALLOWED VALUES (2,3)
INSERT INTO INSTALACAO (ID,INSTALACAOTYPE,MAXCAPACITY,NAME) VALUES (1,'InstalacaoSentada',5,'Micro Pavilhao')
INSERT INTO INSTALACAO (ID,INSTALACAOTYPE,MAXCAPACITY,NAME) VALUES (2,'InstalacaoSentada',15,'Mini Estadio')
INSERT INTO INSTALACAO (ID,INSTALACAOTYPE,MAXCAPACITY,NAME) VALUES (3,'Instalacao',10,'Pequeno Relvado')
INSERT INTO SEAT (ID,INSTALACAO_ID,ROW,NUMBER) VALUES (1,1,'A',1)
INSERT INTO SEAT (ID,INSTALACAO_ID,ROW,NUMBER) VALUES (2,1,'A',2)
INSERT INTO SEAT (ID,INSTALACAO_ID,ROW,NUMBER) VALUES (3,1,'B',1)
INSERT INTO SEAT (ID,INSTALACAO_ID,ROW,NUMBER) VALUES (4,1,'B',2)
INSERT INTO SEAT (ID,INSTALACAO_ID,ROW,NUMBER) VALUES (5,1,'B',3)
INSERT INTO SEAT (ID,INSTALACAO_ID,ROW,NUMBER) VALUES (6,2,'A',1)
INSERT INTO SEAT (ID,INSTALACAO_ID,ROW,NUMBER) VALUES (7,2,'A',2)
INSERT INTO SEAT (ID,INSTALACAO_ID,ROW,NUMBER) VALUES (8,2,'A',3)
INSERT INTO SEAT (ID,INSTALACAO_ID,ROW,NUMBER) VALUES (9,2,'A',4)
INSERT INTO SEAT (ID,INSTALACAO_ID,ROW,NUMBER) VALUES (10,2,'A',5)
INSERT INTO SEAT (ID,INSTALACAO_ID,ROW,NUMBER) VALUES (11,2,'B',1)
INSERT INTO SEAT (ID,INSTALACAO_ID,ROW,NUMBER) VALUES (12,2,'B',2)
INSERT INTO SEAT (ID,INSTALACAO_ID,ROW,NUMBER) VALUES (13,2,'B',3)
INSERT INTO SEAT (ID,INSTALACAO_ID,ROW,NUMBER) VALUES (14,2,'B',4)
INSERT INTO SEAT (ID,INSTALACAO_ID,ROW,NUMBER) VALUES (15,2,'B',5)
INSERT INTO SEAT (ID,INSTALACAO_ID,ROW,NUMBER) VALUES (16,2,'B',6)
INSERT INTO SEAT (ID,INSTALACAO_ID,ROW,NUMBER) VALUES (17,2,'B',7)
INSERT INTO SEAT (ID,INSTALACAO_ID,ROW,NUMBER) VALUES (18,2,'B',8)
INSERT INTO SEAT (ID,INSTALACAO_ID,ROW,NUMBER) VALUES (19,2,'B',9)
INSERT INTO SEAT (ID,INSTALACAO_ID,ROW,NUMBER) VALUES (20,2,'B',10)